time_s,x,y
9.333333820104599,-0.7,13.8
9.366667155176401,-0.6947501307090372,13.799983904111185
9.400000490248203,-0.6850814021364502,13.799935926325402
9.433333825320005,-0.6717597314165007,13.79984283828349
9.466667160391808,-0.6554616070751027,13.799686796731702
9.50000049546361,-0.6367772809149264,13.79944952409348
9.533333830535412,-0.6161943450445441,13.799114354343164
9.566667165607214,-0.5941611443081771,13.798663089474926
9.600000500679016,-0.5710109891085836,13.798084354190777
9.633333835750818,-0.5470251119353339,13.797368435692931
9.66666717082262,-0.5224232552152935,13.796509542632686
9.700000505894423,-0.4973745388860736,13.7955050335369
9.733333840966225,-0.4720594559027311,13.794359112978954
9.766667176038027,-0.44644106802394684,13.793101734720217
9.800000511109829,-0.42063911665596504,13.791727496992115
9.833333846181631,-0.3947560782719112,13.790231188480709
9.866667181253433,-0.36883429944272267,13.788594135200032
9.900000516325235,-0.342910702164223,13.786817401685353
9.933333851397038,-0.31701225831262475,13.78490235654772
9.96666718646884,-0.29115996973508323,13.782850682663831
10.000000521540642,-0.2653665264930024,13.780664321011741
10.033333856612444,-0.23964252196203586,13.778344951368867
10.066667191684246,-0.21398686745652945,13.775895641919329
10.100000526756048,-0.18839149453795392,13.773321091110263
10.13333386182785,-0.162830476853078,13.77062968924621
10.166667196899652,-0.13731315259680194,13.767822790846788
10.200000531971455,-0.11184264569250361,13.76490383904249
10.233333867043257,-0.08643355683990009,13.76187494494724
10.266667202115059,-0.061085502651625906,13.758742971921725
10.300000537186861,-0.03580021804266028,13.75551603295011
10.333333872258663,-0.010581217639104388,13.75220408522006
10.366667207330465,0.014559305538861034,13.74881827556218
10.400000542402267,0.03960961085049379,13.745372215700716
10.43333387747407,0.06455049391478233,13.741883021970251
10.466667212545872,0.08936042297706322,13.738372320821192
10.500000547617674,0.11400469336766568,13.734862662300028
10.533333882689476,0.13844117529802497,13.731380007157721
10.566667217761278,0.16261562507990657,13.727952096610396
10.60000055283308,0.18646373131427843,13.724610045088063
10.633333887904882,0.20990038652060372,13.721381786926292
10.666667222976685,0.23283178817496053,13.718297224381061
10.700000558048487,0.25514752292718973,13.715383437535134
10.733333893120289,0.2767263263228957,13.712664199648334
10.766667228192091,0.2974350604568301,13.710156221880911
10.800000563263893,0.3171323374332339,13.707867365132268
10.833333898335695,0.3356721994463131,13.705791624131985
10.866667233407497,0.35245565882814794,13.703668907708613
10.9000005684793,0.3669147781527648,13.701337698701616
10.933333903551102,0.37863212569716015,13.69871667507557
10.966667238622904,0.3877870111202038,13.695854580766934
11.000000573694706,0.3949803237221314,13.693049588659822
11.033333908766508,0.4004197969302746,13.69033359785643
11.06666724383831,0.4046189477551963,13.687839227044819
11.100000578910112,0.4079220032318262,13.685613112627127
11.133333913981915,0.41040782099794537,13.683571704509488
11.166667249053717,0.4124040874861379,13.681743827034188
11.200000584125519,0.414072593515419,13.680073550255528
11.233333919197321,0.4154542704527692,13.678481541625727
11.266667254269123,0.41679423138866456,13.676936117515284
11.300000589340925,0.4180098310770683,13.675294759530724
11.333333924412727,0.4191740488523444,13.67343899745796
11.36666725948453,0.4202873920670536,13.671290372852683
11.400000594556332,0.42149693627274004,13.66901405627295
11.433333929628134,0.42295151287100213,13.666646729077234
11.466667264699936,0.4247289755897043,13.664108412299653
11.500000599771738,0.4270780889902949,13.661420181449458
11.53333393484354,0.4299648038521256,13.658566602190701
11.566667269915342,0.43324708192368155,13.655405422838674
11.600000604987144,0.4371266928498354,13.652071566750072
11.633333940058947,0.441640011121439,13.648498045781224
11.666667275130749,0.44677301998783525,13.64459906126305
11.70000061020255,0.45245406103513386,13.640242087885392
11.733333945274353,0.45884074239298284,13.635535259306616
11.766667280346155,0.46583919584399996,13.63034511986079
11.800000615417957,0.4732926769481495,13.62447376511311
11.83333395048976,0.4812000322839706,13.618063364106876
11.866667285561562,0.4893260870932555,13.610880611904284
11.900000620633364,0.4973727350041034,13.602596319004238
11.933333955705166,0.5050231692864153,13.59290068306476
11.966667290776968,0.5119548907146182,13.581535201884236
12.00000062584877,0.5186278458409717,13.568935440171462
12.033333960920572,0.5249524505985962,13.555313648743539
12.066667295992374,0.5309140293851197,13.540811537852713
12.100000631064177,0.5368174866748681,13.525672097920161
12.133333966135979,0.5429622306906916,13.510143417750667
12.16666730120778,0.5496005785377577,13.494433388844593
12.200000636279583,0.5569520162884264,13.478704670185461
12.233333971351385,0.5652025770665879,13.46305305109049
12.266667306423187,0.5743535116644556,13.44737785869346
12.30000064149499,0.5843148418969363,13.431473468322116
12.333333976566792,0.5949345978072492,13.415097837330617
12.366667311638594,0.6063623482201164,13.3985776469572
12.400000646710396,0.618516891422049,13.381822884725644
12.433333981782198,0.6315197646210776,13.3650158189848
12.466667316854,0.6454787754603759,13.348365165386404
12.500000651925802,0.6604786456687435,13.332011387571951
12.533333986997604,0.6765933436490348,13.316046090732867
12.566667322069407,0.6938871275261684,13.300533770269709
12.600000657141209,0.7123510380329323,13.285460726404875
12.63333399221301,0.7319270423604299,13.27074279054449
12.666667327284813,0.7525372586100896,13.256209155775132
12.700000662356615,0.7741711716323151,13.241995399169255
12.733333997428417,0.7968168249688575,13.228156655673915
12.76666733250022,0.8204845943876878,13.214759309066087
12.800000667572021,0.8451847337664306,13.201874197238528
12.833334002643824,0.870888788585275,13.189508957559958
12.866667337715626,0.8975844065170505,13.177722080891558
12.900000672787428,0.9252294615656617,13.166492297846544
12.93333400785923,0.9537777951669016,13.155768640882481
12.966667342931032,0.9831944514907754,13.145600436459851
13.000000678002834,1.0134509985783964,13.136038838173908
13.033334013074636,1.0445094096657865,13.127079384712037
13.066667348146439,1.0763315098086041,13.11868944082449
13.10000068321824,1.1088746651456043,13.110918684191127
13.133334018290043,1.1421024394208321,13.103813105816627
13.166667353361845,1.17597872204939,13.097437241432967
13.200000688433647,1.2104597733788638,13.09184177775347
13.23333402350545,1.245496550732826,13.08706986034107
13.266667358577251,1.2810360755302528,13.083143628650204
13.300000693649054,1.3170253898788156,13.080087448975833
13.333334028720856,1.3534155192017774,13.07792199066623
13.366667363792658,1.3901597616972658,13.076647523817005
13.40000069886446,1.4272143277837968,13.076253824275392
13.433334033936262,1.4645407218856328,13.076715037958866
13.466667369008064,1.5021021055673822,13.0780051300982
13.500000704079866,1.5398647648034849,13.080094488665518
13.533334039151669,1.5777989383047353,13.082944871834552
13.56666737422347,1.615876498897474,13.086523797792537
13.600000709295273,1.6540728125111863,13.090799963398085
13.633334044367075,1.6923658121368037,13.095737396860821
13.666667379438877,1.730734764905987,13.101301936860144
13.70000071451068,1.7691614741086652,13.107459988260016
13.733334049582481,1.807630834768549,13.114178400079487
13.766667384654284,1.8461314630238264,13.121418627812346
13.800000719726086,1.8846475009936097,13.129156074671801
13.833334054797888,1.9231642613904636,13.137368463244323
13.86666738986969,1.961671365312849,13.146028727612785
13.900000724941492,2.000163841116437,13.155102659254968
13.933334060013294,2.038629697745903,13.1645736802952
13.966667395085096,2.077068765928891,13.174415572532764
14.000000730156898,2.1154759283127733,13.184606023328344
14.0333340652287,2.153845696552903,13.195124495862855
14.066667400300503,2.1921724997276413,13.205952174104857
14.100000735372305,2.2304521956037817,13.217068324462845
14.133334070444107,2.2686744424157124,13.228464367788472
14.16666740551591,2.306832739964799,13.24012656637496
14.200000740587711,2.3449207789055038,13.252042455912044
14.233334075659513,2.382937256755789,13.264198332427314
14.266667410731316,2.420876874197708,13.276583464352617
14.300000745803118,2.458753573500335,13.289175902599867
14.33333408087492,2.496567550743368,13.301964858410185
14.366667415946722,2.534317775335759,13.314940852406586
14.400000751018524,2.571994847440105,13.328105020766525
14.433334086090326,2.609587031043461,13.341460214001199
14.466667421162128,2.6470891456570866,13.355003101970029
14.50000075623393,2.684496337395352,13.368730932677716
14.533334091305733,2.7218286929242788,13.382616977388025
14.566667426377535,2.759094286054693,13.396648918386425
14.600000761449337,2.796306941664699,13.410815633789777
14.63333409652114,2.833456016146052,13.425128355394602
14.666667431592941,2.870536571418188,13.439589096263497
14.700000766664743,2.9075383541195268,13.454213022320227
14.733334101736546,2.944487097619888,13.468958610504897
14.766667436808348,2.98139489469219,13.483806626278158
14.80000077188015,3.018260091981544,13.498766711524986
14.833334106951952,3.0550721035598696,13.51386854033106
14.866667442023754,3.091857894570597,13.529081726560916
14.900000777095556,3.128629555170314,13.54437076353891
14.933334112167358,3.165405686019821,13.559687793003468
14.96666744723916,3.2021913236413235,13.57502561467736
15.000000782310963,3.2389858329098793,13.590401858163386
15.033334117382765,3.2757821651489882,13.605864483116099
15.066667452454567,3.3125873475906884,13.621388130125546
15.100000787526369,3.3494423953938672,13.636873064255978
15.133334122598171,3.386351188130947,13.65228732090889
15.166667457669973,3.423304299687065,13.667599663429803
15.200000792741776,3.4603086272318695,13.682787817699278
15.233334127813578,3.4973354951793274,13.697920938235312
15.26666746288538,3.534401583432243,13.712957739383949
15.300000797957182,3.5715268290084903,13.72784788471769
15.333334133028984,3.608750211450542,13.74249097478534
15.366667468100786,3.646087005723808,13.756842423511946
15.400000803172588,3.6835580057905255,13.770839724721704
15.43333413824439,3.7211944272830895,13.784385944282551
15.466667473316193,3.7211944272830895,13.784385944282551
15.500000808387995,3.7211944272830895,13.784385944282551
15.533334143459797,3.7211944272830895,13.784385944282551
15.566667478531599,3.7211944272830895,13.784385944282551
15.600000813603401,3.7211944272830895,13.784385944282551
15.633334148675203,3.7211944272830895,13.784385944282551
15.666667483747005,3.7211944272830895,13.784385944282551
15.700000818818808,3.7211944272830895,13.784385944282551
15.73333415389061,3.7211944272830895,13.784385944282551
15.766667488962412,3.7211944272830895,13.784385944282551
15.800000824034214,3.7211944272830895,13.784385944282551
15.833334159106016,3.7211944272830895,13.784385944282551
15.866667494177818,3.7211944272830895,13.784385944282551
15.90000082924962,3.7211944272830895,13.784385944282551
15.933334164321423,3.7211944272830895,13.784385944282551
15.966667499393225,3.7211944272830895,13.784385944282551
16.000000834465027,3.7211944272830895,13.784385944282551
16.03333416953683,3.7211944272830895,13.784385944282551
16.06666750460863,3.7211944272830895,13.784385944282551
16.100000839680433,3.7211944272830895,13.784385944282551
16.133334174752235,3.7211944272830895,13.784385944282551
16.166667509824038,3.7211944272830895,13.784385944282551
16.20000084489584,3.7211944272830895,13.784385944282551
16.233334179967642,3.7211944272830895,13.784385944282551
16.266667515039444,3.7211944272830895,13.784385944282551
16.300000850111246,3.7211944272830895,13.784385944282551
16.33333418518305,3.7211944272830895,13.784385944282551
16.36666752025485,3.7211944272830895,13.784385944282551
16.400000855326653,3.7211944272830895,13.784385944282551
16.433334190398455,3.7211944272830895,13.784385944282551
16.466667525470257,3.7211944272830895,13.784385944282551
16.50000086054206,3.7211944272830895,13.784385944282551
16.53333419561386,3.7211944272830895,13.784385944282551
16.566667530685663,3.7211944272830895,13.784385944282551
16.600000865757465,3.7211944272830895,13.784385944282551
16.633334200829268,3.7211944272830895,13.784385944282551
16.66666753590107,3.7211944272830895,13.784385944282551
16.700000870972872,3.7211944272830895,13.784385944282551
16.733334206044674,3.7211944272830895,13.784385944282551
16.766667541116476,3.7211944272830895,13.784385944282551
16.800000876188278,3.7211944272830895,13.784385944282551
16.83333421126008,3.7211944272830895,13.784385944282551
16.866667546331882,3.7211944272830895,13.784385944282551
16.900000881403685,3.7211944272830895,13.784385944282551
16.933334216475487,3.7211944272830895,13.784385944282551
16.96666755154729,3.7211944272830895,13.784385944282551
17.00000088661909,3.7211944272830895,13.784385944282551
17.033334221690893,3.7211944272830895,13.784385944282551
